,position_group,snap_share,pass_share,completion_percentage,yards_per_completion,tds_per_completion,rush_share,yards_per_rush,tds_per_rush,epa_per_snap,target_share,catch_percentage,yards_per_reception,tds_per_reception,intercept
0,QB,0.14764763376670845,0.008791396297343131,0.02442257293025969,0.08326680387679876,0.00465834146737679,-0.01694905116310676,0.024673708274168853,0.003100372725156347,0.018755421123560843,-0.0006062203473674769,2.4491267009930343e-05,-0.003375761380619626,9.2159491655886e-07,-1.0578045145709556
1,RB,0.10479466500319429,-0.0301396461975116,-2.280318938852854e-06,-1.7890667016028937e-06,5.739297117227933e-08,-0.002744229559579537,0.020768192555637277,0.001010564742592083,0.00029360905374586937,0.006607305017815548,0.002361142622578601,0.027391979831340976,3.776129222419373e-05,-0.31761376366395705
2,TE,0.05769593699872659,-0.01288715759966381,-1.3600851000407089e-06,1.0502089253932353e-05,6.706581978779825e-09,-0.0013807775123710066,5.764162139786008e-06,1.594855689917947e-06,8.561693297884156e-05,0.003370888603085796,0.002718679463569044,0.02389706382739189,0.0007735509916514054,-0.26904254515174447
3,WR,0.06354000177873632,-0.038643801100737535,6.480885234100318e-06,7.948910406137219e-05,2.7239122712068973e-08,-0.0038421968915368816,0.0012550028225674719,1.135414255633785e-05,0.0005156034755611558,0.030481020707835916,0.012162335683298964,0.02136175139897976,0.00280264174293949,-0.2933895164069394
